,sentence,label,data_type,preictions,references
4,"Operating profit totalled EUR 21.1 mn , up from EUR 18.6 mn in 2007 , representing 9.7 % of net sales .",2.0,val,0.0,2.0
10,"Its board of directors will propose a dividend of EUR0 .12 per share for 2010 , up from the EUR0 .08 per share paid in 2009 .",2.0,val,0.0,2.0
13,Net sales increased to EUR193 .3 m from EUR179 .9 m and pretax profit rose by 34.2 % to EUR43 .1 m. ( EUR1 = USD1 .4 ),2.0,val,0.0,2.0
30,The agreement strengthens our long-term partnership with Nokia Siemens Networks .,2.0,val,0.0,2.0
33,"The world 's second largest stainless steel maker said net profit in the three-month period until Dec. 31 surged to euro603 million US$ 781 million , or euro3 .33 US$ 4.31 per share , from euro172 million , or euro0 .94 per share , the previous year .",2.0,val,0.0,2.0
35,Shares of Nokia Corp. rose Thursday after the cell phone maker said its third-quarter earnings almost doubled and its share of the global handset market increased .,2.0,val,0.0,2.0
37,"At the request of Finnish media company Alma Media 's newspapers , research manager Jari Kaivo-oja at the Finland Futures Research Centre at the Turku School of Economics has drawn up a future scenario for Finland 's national economy by using a model developed by the University of Denver .",1.0,val,0.0,2.0
39,"A maximum of 666,104 new shares can further be subscribed for by exercising B options under the 2004 stock option plan .",1.0,val,0.0,2.0
43,"Adjusted for changes in the Group structure , the Division 's net sales increased by 1.7 % .",2.0,val,0.0,2.0
47,"Finnish financial group Aktia reports operating profit of EUR 44.4 mn in January-September 2009 , up from EUR 37.3 mn in the corresponding period in 2008 .",2.0,val,2.0,1.0
56,"In 2009 , Fiskars ' cash flow from operating activities amounted to EUR121m , up from EUR97m in the previous year .",2.0,val,0.0,2.0
62,"Net sales rose by 25.5 % year-on-year to EUR59 .6 m , as the number of chargers delivered went up by 41 % to 65.9 million pieces .",2.0,val,1.0,0.0
64,Operating profit increased by 145.1 % to EUR 8.3 mn from EUR 3.4 mn .,2.0,val,0.0,2.0
67,Operating profit rose to EUR 5mn from EUR 2.8 mn in the fourth quarter of 2008 .,2.0,val,1.0,0.0
75,"The last quarter was the best quarter of 2009 in net sales , and the operating margin rose to 12.2 % .",2.0,val,0.0,2.0
79,"According to Finnish Metso Minerals , the value of the company 's orders has gone up to EUR 1.9 bn in 12 months .",2.0,val,2.0,1.0
81,Finnish financial group Aktia 's operating profit for 2009 increased to EUR 47.0 mn from EUR 6.6 mn in 2008 .,2.0,val,2.0,1.0
84,"According to HKScan Finland , the plan is to increase J+ñrvi-Suomen Portti 's net sales to EUR 80mn to EUR 100mn .",2.0,val,2.0,1.0
89,"Both operating profit and net sales for the 12-month period increased , respectively from EUR20 .8 m and EUR177 .7 m , as compared to the financial year 2004 .",2.0,val,2.0,1.0
90,"Both operating profit and net sales for the 12-month period increased , respectively from EUR21 .5 m and EUR196 .1 m , as compared to 2005 .",2.0,val,2.0,1.0
105,"Digia said its consolidated net sales for January-June 2010 were EUR67 .8 m , up 9.7 % on the same period in 2009 ( EUR61 .9 m ) .",2.0,val,2.0,1.0
107,Diluted earnings per share ( EPS ) rose to EUR 0.52 versus EUR 0.09 .,2.0,val,2.0,1.0
115,"Finland-based Elcoteq SE , a privately held provider of electronics manufacturing services to communications companies , said Thursday it signed a long-term manufacturing supply deal with communications equipment company Andrew Corp. .",2.0,val,0.0,2.0
118,"Finnish lifting equipment maker Konecranes Oyj said on July 30 , 2008 that its net profit rose to 71.2 mln euro ( $ 111.1 mln ) for the first half of 2008 from 57.1 mln euro ( $ 89.1 mln ) for the same period of 2007 .",2.0,val,2.0,1.0
120,Finnish metal products company Componenta Oyj net profit rose to 26.1 mln euro ( $ 35.9 mln ) for the first quarter of 2007 from 5.3 mln euro ( $ 7.3 mln ) for the same period of 2006 .,2.0,val,0.0,2.0
130,"Ragutis , which is controlled by the Finnish brewery , reported a 5.4-per-cent rise in beer sales to 10.44 million litres and held an 11.09-per-cent market share .",2.0,val,2.0,1.0
142,"Kesko Agro Eesti , the retailer and wholesaler of grain , agricultural and warehousing machinery and accessories , had net sales of 81 million euros in 2007 , an increase by one-tenth over the preceding year .",2.0,val,2.0,1.0
145,"( ADP News ) - Feb 11 , 2009 - Finnish management software solutions provider Ixonos Oyj ( HEL : XNS1V ) said today its net profit rose to EUR 3.5 million ( USD 4.5 m ) for 2008 from EUR 3.1 million for 2007 .",2.0,val,2.0,1.0
150,"Metso expects its net sales to increase by about 10 % in 2008 , at comparable exchange rates .",2.0,val,2.0,1.0
152,"Net interest income was EUR 152.2 mn , up from EUR 101.0 mn in 2008 .",2.0,val,2.0,1.0
165,Operating profit rose to EUR 3.2 mn from EUR 1.0 mn in the corresponding period in 2008 .,2.0,val,2.0,1.0
172,"Operating profit totaled EUR 5.5 mn , up from EUR -0.7 mn .",2.0,val,2.0,1.0
174,"Operating profit was EUR 139.7 mn , up 23 % from EUR 113.8 mn .",2.0,val,2.0,1.0
176,Orders received grew by 55 % year-on-year to EUR732m .,2.0,val,0.0,1.0
179,Passenger-related revenue rose by 5.1 % to EUR 460.8 mn from EUR 438.5 mn in 2009 .,2.0,val,2.0,1.0
193,"Section : Regional News - The demand in Finnair 's Asian traffic , measured in passenger kilometers , was up 34.9 % in August compare to last year .",2.0,val,2.0,1.0
205,The stock rose for a third day on Tuesday bringing its three-day rise to GBX10 .50 or 1.8 % .,2.0,val,2.0,1.0
208,Vacon 's cash flow from operations grew to EUR 37.1 mn from EUR 21.9 mn a year ago .,2.0,val,2.0,1.0
217,"EPS for the quarter came in at 0.36 eur , up from 0.33 eur a year ago and ahead of forecast of 0.33 eur .",2.0,val,2.0,1.0
225,"In January-September 2007 , the group 's net sales from continuing operations rose to EUR 213.1 mn from EUR 172.6 mn in the corresponding period in 2006 .",2.0,val,2.0,1.0
229,Last year 's net sales rose to EUR 68.3 million from EUR 62.2 million .,2.0,val,2.0,1.0
231,Marimekko Group 's full-year net sales are estimated to increase by about 10 % .,2.0,val,2.0,1.0
237,Operating profit increased to EUR 14.0 mn from EUR 4.9 mn in the corresponding period in 2005 .,2.0,val,2.0,1.0
239,"Operating profit totaled EUR 825mn , up from EUR 763mn in 2004 .",2.0,val,2.0,1.0
241,Production capacity will increase from 36 000 to 85 000 tonnes per year and the raw material will continue to be recycled paper and board .,2.0,val,2.0,1.0
242,Profit for the period increased from EUR 2.9 mn to EUR 10.5 mn .,2.0,val,2.0,1.0
259,The pretax profit of the group 's life insurance business increased to EUR36m from EUR27m .,2.0,val,2.0,1.0
272,Nokia Messaging 1.1 enables customers to receive e-mails from up to 10 e-mail accounts on their mobile phone supporting all POP or IMAP e-mail services .,1.0,val,2.0,1.0
275,Aldata said that there are still a number of operational aspects to be defined between it and Microsoft and further details of the product and market initiatives resulting from this agreement will be available at a later date .,1.0,val,2.0,1.0
277,"Biohit Oyj develops , manufactures and markets liquid handling products and diagnostic test systems for use in research , healthcare and industrial laboratories .",1.0,val,1.0,0.0
278,"Mr Ashley , deputy executive chairman of Sports Direct , sold a 43pc stake in the company for more than pounds 900m at the time of the float .",1.0,val,1.0,0.0
280,"Ruukki 's delivery includes steel structures , including installation , for Krakeroy bascule bridge and steel piles for the bridge foundations .",1.0,val,1.0,0.0
281,Stockmann was established in 1862 in Finland and it became the first foreign company to enter Russia 's retail trade market in 1989 .,1.0,val,1.0,0.0
298,"Uponor made an operating profit of EUR 151.0 mn , up from EUR 143.7 mn , which made 2007 a record year .",2.0,val,2.0,1.0
299,"Basware Corporation stock exchange release August 31 , 2010 at 16:25 Basware signed a large deal with an international industrial group Basware will deliver Invoice Automation solution and Connectivity Services to an international industrial group .",2.0,val,2.0,1.0
308,"Theodosopoulos said Tellabs could be of value to Nokia Siemens or Nortel given its `` leading supply status '' with Verizon , along with high-growth products .",2.0,val,0.0,2.0
314,The bank sees a potential for Getinge share to rise .,2.0,val,2.0,1.0
316,The robust growth was the result of the inclusion of clothing chain Lindex in the Group in December 2007 .,2.0,val,1.0,0.0
318,"a January 11 , 2010 EPHC board of directors has approved an increase in the quarterly dividend from $ 0.03 to $ 0.05 per share .",2.0,val,1.0,0.0
330,8 May 2009 - Finnish liquid handling products and diagnostic test systems maker Biohit Oyj ( HEL : BIOBV ) said today ( 8 May 2009 ) its net loss narrowed to EUR0 .1 m ( USD0 .14 m ) for the first quarter of 2009 from EUR0 .4 m for the same period of 2008 .,2.0,val,1.0,0.0
355,"In Q2 of 2009 , profit before taxes amounted to EUR 13.6 mn , down from EUR 26.8 mn in Q2 of 2008 .",0.0,val,,
356,"ADPnews - Feb 5 , 2010 - Finnish real estate investor Sponda Oyj HEL : SDA1V said today that it slipped to a net loss of EUR 81.5 million USD 11.8 m in 2009 from a profit of EUR 29.3 million in 2008 .",0.0,val,,
359,"Profit before taxes decreased by 9 % to EUR 187.8 mn in the first nine months of 2008 , compared to EUR 207.1 mn a year earlier .",0.0,val,,
362,"The company 's profit before taxes fell to EUR 21.1 mn in the third quarter of 2008 , compared to EUR 35.8 mn in the corresponding period in 2007 .",0.0,val,,
368,"Profit after taxes for the period was up to EUR0 .9 m , from EUR0 .01 m last year .",2.0,val,,
372,"ADP News - Apr 22 , 2009 - Finnish business information systems developer Solteq Oyj HEL : STQ1V said today its net loss widened to EUR 189,000 USD 245,000 for the first quarter of 2009 from EUR 10,000 for the same peri",0.0,val,,
375,"For the current year , Raute expects its net sales to increase and the operating result -- to be positive .",2.0,val,,
381,Cash Flow from Operations for the most recent quarter also reached a eight year low .,0.0,val,,
388,"Earnings per share EPS amounted to EUR0 .03 , up from the loss of EUR0 .08 .",2.0,val,,
390,"Operating profit was EUR 0.6 mn , up from a loss of EUR 19mn a year earlier .",2.0,val,,
399,"According to Viking Line 's Managing Director , Nils-Erik Eklund , the company 's Board of Directors is very satisfied with Viking Line 's performance .",2.0,val,,
410,The aim is an annual improvement in Ruukki Construction 's operating profit of more than EUR 3 million USD 4.1 m starting in 2009 .,2.0,val,,
413,`` The trend in the sports and leisure markets was favorable in the first months of the year .,2.0,val,,
427,"Finland 's national carrier Finnair PLC carried a record 8.5 million passengers in 2005 , an increase of 4.5 percent on the previous year , the airline reported Tuesday .",2.0,val,,
441,"Savon koulutuskuntayhtyma , Finland based company has awarded contract for specialist agricultural or forestry machinery .",2.0,val,,
463,Operating profit improved by 16.7 % to EUR 7.7 mn .,2.0,val,,
464,Operating profit improved by 39.9 % to EUR 18.0 mn from EUR12 .8 mn .,2.0,val,,
499,"Headquartered in this city , the company is nearly 75 years old and focuses on science-based innovation and technology for environmental measurement .",1.0,val,,
505,"Los Angeles-based Pacific Office Properties Trust acquires , owns , and operates office properties in the western U.S. , focusing initially on the markets of Honolulu , San Diego , Los Angeles , and Phoenix .",1.0,val,,
507,"Professional and consumer applications include personal navigation , personal safety , field and workflow management , and asset tracking .",1.0,val,,
515,"The inventors are Bylander Johan , Ponten Fredrik and Lundberg Jorgen .",1.0,val,,
516,"The inventors are Mukkavilli Krishna Kiran , Sabharwal Ashutosh and Aazhang Behnaam .",1.0,val,,
527,`` Directors and shareholders alike should ask why these practices were allowed to continue . '',1.0,val,,
534,"According to Honka Japan 's Managing Director Marko Saarelainen , Honkarakenne exports about 200 ready made log houses to Japan a year .",1.0,val,,
539,Amanda said that it had already made a USD5 .0 m investment commitment in Russia Partners II fund in July 2005 .,1.0,val,,
544,"CapMan , an asset manager , has EUR 3bn worth of assets under management in the Nordic region .",1.0,val,,
551,Completion of the transaction is subject to a final agreement and a Due Diligence process .,1.0,val,,
555,"EQT has completed its exit from Salcomp , a Finnish company that makes mobile phone chargers , by selling its remaining stake to Swedish investment group Nordstjernan for about ( EURO ) 35 million ( $ 47 million ) .",1.0,val,,
564,Insurance policies should be simple .,1.0,val,,
567,It will provide heating in the form of hot water for the sawmill 's needs .,1.0,val,,
573,"LKAB , headquartered in Lulea , Sweden , is a high-tech mining company producing upgraded iron ore products for the steel industry .",1.0,val,,
597,"Swedish , Finnish and Danish listed companies are organized in three market cap segments , Nordic Large Cap , Mid Cap and Small Cap .",1.0,val,,
598,Symphony Services provides development services for Aldata GOLD .,1.0,val,,
603,"The business has sales of about ( Euro ) 35 million ( $ 44million ) , and has been responsible for sales and marketing of Lanxess 's paper chemicals business , which Kemira bought for ( Euro ) 88 million early this year ( CW , Jan. 11 , p. 22 ) .",1.0,val,,
606,The company is presently examining whether the project would be financially feasible .,1.0,val,,
622,The project is expected to be completed in 2009 .,1.0,val,,
627,The server is responsible for managing devices and user accounts and a desktop client application enables remote access to the mobile phones .,1.0,val,,
641,"Viking will pay EUR 130 million for the new ship , which will be completed in January 2008 .",1.0,val,,
647,A PLUMBING business has announced it is sponsoring a professional darts player .,1.0,val,,
648,"A. Le Coq Special was developed for the bicentenary of the company and the trade mark , the brewer said .",1.0,val,,
668,"LONDON AFX - UK and European brokers ' recommendations issued today , as collated by AFX News from a range of market sources .",1.0,val,,
672,Ms Laakso will be responsible for HKScan 's HR functions and for their development in all of the Group ` smarket areas .,1.0,val,,
673,"New Delhi , July 17 -- Sahlberg Teppo , Kallio Timo and Mustonen Tuomas of M Real OYJ , Espoo , Finland have developed novel markings and methods of producing the same .",1.0,val,,
683,"SCOPI Chief Business Excellence Officer , Eng .",1.0,val,,
687,"Tekla will organize an information meeting for analysts and media at WTC Helsinki Marski meeting room , Aleksanterinkatu 17 , the same day at 12:30 - 1:30 p.m. Light lunch will be served .",1.0,val,,
691,"The company also appointed Leif Rosen head of the Special Plate unit which includes the quarto plate units in Degerfors , Sweden , and New Castle , USA , the unit in Willich , Germany , as well as Pressplate and Prefab in Avesta and Plate Service Centre Nordic in Degerfors .",1.0,val,,
704,The order was worth EUR 8mn .,1.0,val,,
714,"They are responsible for their own operations , customer relationships , and the development of these .",1.0,val,,
738,"Outotec said it won new orders worth 492.9 mln eur during the quarter , compared with 240.4 mln eur a year earlier .",2.0,val,,
739,Raute said it has won an order worth around 15 mln eur to supply several plywood production lines to mills operated by Russian wood products company Sveza Group .,2.0,val,,
745,Finnish KCI Konecranes has been awarded an order for four hot metal ladle cranes by Indian steel producer Bhushan Steel & Strips to be delivered in 2007 .,2.0,val,,
765,"The machine will have an annual production capacity of 200,000 tonnes of super-calendered magazine paper and other paper grades based on recovered fiber , Stora Enso said .",1.0,val,,
766,The Moscow Metro ( www.mosmetro.ru ) was the first metro system in Europe to implement smart cards together with a new type of magnetic card in 1998 .,1.0,val,,
773,"The process , technology , project management , basic engineering and quality assurance within Forest Industry will be consolidated in Vantaa , southern Finland .",1.0,val,,
777,"Sales climbed 19.2 pct to 1.002 bln eur , surpassing the 953 mln eur consensus figure .",2.0,val,,
781,"After the reporting period , BioTie North American licensing partner Somaxon Pharmaceuticals announced positive results with nalmefene in a pilot Phase 2 clinical trial for smoking cessation .",2.0,val,,
785,The agreement must be approved by the Russian competition authorities before it enters into force .,1.0,val,,
789,- Counter your competitor 's strengths and target their weaknesses .,1.0,val,,
792,"The Stena Poseidon is a so-called Panamax tanker , designed to be able to pass through the narrow passages in the Panama Canal 's locks .",1.0,val,,
801,"Fiskars , a 360-year-old global business best known for its orange-handled scissors , expects to derive synergies of EUR5 million a year by consolidating certain parts of the housewares division where the two compete .",2.0,val,,
814,Finnish Vacon has signed significant deals with Norwegian Scandinavian Electric Systems ( SES ) on the supply of AC drives .,2.0,val,,
822,in Q1 2010 18 May 2010 - Finnish electrical components maker Salcomp Oy ( HEL : SAL1V ) said today it turned to a net profit of EUR1 .6 m in the first quarter of 2010 versus a loss of EUR2m in the corresponding period last year .,2.0,val,,
833,"Neste oil 's board proposed 1.00 eur dividend for the full-year 2007 , compared with 0.90 eur a year ago .",2.0,val,,
839,"Pre-tax loss totaled EUR 0.3 mn , compared to a loss of EUR 2.2 mn in the first quarter of 2005 .",2.0,val,,
840,"Pretax profit totalled EUR 2.0 mn , compared to a loss of EUR 159.2 mn in the fourth quarter of 2008 .",2.0,val,,
851,"The fourth quarter saw Rapala swing back to a pretax profit of 1.5 mln eur from a year earlier loss of 1.2 mln on the back of a 30 pct uplift in sales to 44.8 mln eur , and a stronger performance in North America .",2.0,val,,
853,These measures are expected to produce annual cost savings of EUR 1.5 million starting in 2007 .,2.0,val,,
864,"Finnish dental care group Oral Hammaslaakarit Oyj posted a total net profit of 849,000 euro $ 1.1 mln in the first nine months of 2006 versus a net loss of 331,000 euro $ 421,000 in the same period of 2005 .",2.0,val,,
884,"The company 's net profit amounted to EE 55.5 mn , which was 36 % more than in 2004 .",2.0,val,,
894,Comptel Corporation will publish its financial statements for 2008 on 12 February 2009 .,1.0,val,,
905,He will report to CapMan Plc 's CEO Heikki Westerlund .,1.0,val,,
915,"A meeting for the media and analysts will be held on the same day at 10:30 a.m. at Stonesoft Headquarters in Helsinki , Italahdenkatu 22 A. The Interim report will be presented by Stonesoft 's CEO Ilkka Hiidenheimo .",1.0,val,,
916,A meeting of Glisten shareholders to vote on the bid will be held on 12 March .,1.0,val,,
917,"A replay will be available until 27 October 2006 in the following numbers : US callers : +1 617-á801-á6888 , non-US callers : +44 20 7365 8427 , access code : 2659 5401 .",1.0,val,,
918,"About 36 % of this came from Aspo Chemicals , 39 % from Aspo Shipping and 25 % from Aspo Systems .",1.0,val,,
927,"After the sale , Savcor Group Ltd will comprise Savcor ART , a corporate function and an investment in Cencorp Corporation .",1.0,val,,
943,Catalysts segment includes refinery catalysts and polyolefin catalysts product categories .,1.0,val,,
947,COPYRIGHT AFX News and AFX Financial News Logo are registered trademarks of AFX News Limited,1.0,val,,
950,"Currently the Terminator lures are produced in a subcontract facility in Mexico but the manufacturing will be transferred to Rapala 's factory in Shenzhen , China .",1.0,val,,
960,"Erkki Jarvinen , President of Rautakirja and the head of the Sanoma Trade division , will leave his current tasks in spring 2009 for a similar position outside the Sanoma Group .",1.0,val,,
966,"FinancialWire tm is not a press release service , and receives no compensation for its news , opinions or distributions .",1.0,val,,
971,"Following the issue , the new shares will constitute 10 percent of the firm 's capital .",1.0,val,,
973,"Glaston 's share GLA1V is listed on the NASDAQ OMX Helsinki , Mid Cap List .",1.0,val,,
974,Grounds for the notification : Tiimari Plc 12/30/2010 issued Capital Convertible Loan allocation decision by the Board on 01/31/2011 .,1.0,val,,
979,"If Honkarakenne starts production there , it will need a partner for sawmill operations .",1.0,val,,
980,"In addition to the Tulikivi Corporation , he is also currently a member of the Board of the following companies : Altia Corporation , J+ñrvi-Suomen Portti Osuuskunta , Osuuskunta KPY , Profile Vehicles Oy and Voimatel Oy .",1.0,val,,
1010,"Poyry is a global consulting and engineering firm focusing on the energy , forest industry and infrastructure & environment sectors .",1.0,val,,
1022,"Seller is the Finnish Elcoteq Group , the largest European electronics manufacturing services company .",1.0,val,,
1023,Solteq Plc ANNOUNCEMENT 16.12.2010 SHARE REPURCHASE 16.12.2010 In the Helsinki Stock Exchange Solteq Plc now holds a total of 486.969 shares including the shares repurchased on 16.12.2010 .,1.0,val,,
1040,"The aim of the CEO 's Q&A sessions is to give further clarity on information , which has been made public already earlier .",1.0,val,,
1042,The bridge will be 1.2 km long and is located between Anasmotet by the road E20 and the new traffic junction in Marieholm by the road E45 .,1.0,val,,
1048,"The company offers payroll services , including payroll processing , payroll tax administration , and employee pay services , including direct deposit , check signing , and Readychex .",1.0,val,,
1051,The company 's board of directors will propose a dividend of EUR 0.14 for 2008 at the annual general meeting .,1.0,val,,
1056,The Company turnover amounted to MEUR 27.9 in 2007 .,1.0,val,,
1059,"The company will publish its financial statement for 2008 on February 25 , 2009 .",1.0,val,,
1064,The contract involves refurbishing the bathrooms of 189 units as well as re-plumbing their water and sewer pipes .,1.0,val,,
1065,"The cost of the deal could range from 70 million to 90 million euros depending on the financial results of the two companies in 2008 , the statement says .",1.0,val,,
1070,The deal will have no significant effect on the acquiring company 's equity ratio .,1.0,val,,
1077,The first stage of the contract covers 133 stores and 600 cash registers .,1.0,val,,
1078,"The fish content of the nuggets is 85 % , and the fish comes from Canada and Finland .",1.0,val,,
1081,"The inaugural speech will be given by Hannu Kyrolainen , Finland 's Ambassador to the Czech Republic .",1.0,val,,
1086,"The mall will be financed on a parity basis by Pearl Plaza LLC , the joint venture company established by the Chinese investor Shanghai Industrial Investment Holdings Co Ltd , and SRV Group .",1.0,val,,
1093,"The new majority owners of Aspocomp Thailand Co. , Ltd are certain private persons belonging to immediate circle of Aspocomp 's present Joint Venture partner , Saha Pathana Inter-Holding Plc. .",1.0,val,,
1100,"The parties have agreed not to disclose the price of the deal , the group said in a press release .",1.0,val,,
1103,"The platform is based built on Intel s second-generation MID platform , called Moorestown .",1.0,val,,
1128,ZAO YIT Moskovia builds housing in Moscow and its surrounding cities .,1.0,val,,
1162,"Alma Media Corporation PRESS RELEASE March 25 , 2010 TYRV+ä+äN SANOMAT PURCHASE CONFIRMED The business operations of Tyrv+ñ+ñn Sanomat Oy will be transferred to Suomen Paikallissanomat Oy .",1.0,val,,
1164,"Altona stated that the private company of Altona chairman Kevin Maloney , Tulla Resources , would take up its entitlement in full .",1.0,val,,
1177,"Barclays Plc ( LSE : BARC ) ( NYSE : BCS ) , Credit Agricole SA ( EPA : ACA ) ( CAGR .",1.0,val,,
1179,Basware finances the acquisition with a bank loan .,1.0,val,,
1186,"CapMan , with offices in Helsinki , Stockholm , Copenhagen and Oslo , manages Nordic buyout , mezzanine , technology , life science and real estate funds with approximately EUR2 .6 bn in total capital .",1.0,val,,
1188,"Cardona slowed her vehicle , turned around and returned to the intersection , where she called 911 .",1.0,val,,
1189,"Cencorp would focus on the development , manufacture and marketing of standard products for production automation .",1.0,val,,
1195,com and possibly also through photo-msn .,1.0,val,,
1210,"Depending on the market situation , such projects are sold after 1 to 3 years after completion .",1.0,val,,
1221,Financial details were n't disclosed .,1.0,val,,
1231,"Fortum expects its annual capital expenditure in the next four to five years to be within a range of EUR 0.8-1 .2 billion , as earlier announced .",1.0,val,,
1245,Image data produced by the browser at the phone server is converted into a bitmapped image that is sent to the handset for display . '',1.0,val,,
1254,"In his current position , Manty has worked since 1996 .",1.0,val,,
1258,"In this way , the industry 's starting point has been the consumers ' needs .",1.0,val,,
1265,"industry in Asia +ó Pakistan , Malaysia , Taiwan and Philippines Today , Global Research & Data Services is going to publish several market analyses about the cement markets in Asia .",1.0,val,,
1271,It is expected to be online by 2011 .,1.0,val,,
1277,"Its product portfolio comprises harvesters , forwarders , harvester heads , as well as cranes and loaders .",1.0,val,,
1281,Kemira shares closed at (  x20ac ) 16.66 ( $ 22US .71 ) .,1.0,val,,
1289,( A spokesperson told WWD to expect a 50-50 mix of clothing and home decor . ),1.0,val,,
1291,"Luna took fifth place on six-under 207 , a shot behind Spain 's Beatriz Recari and Germany 's Martina Eberl , while Welsh player Becky Brewerton was the highest-placed British finisher , sharing seventh place on three-under 210 after shooting 71 .",1.0,val,,
1295,"May 29 , 2010 ( CompaniesandMarkets.com delivered by Newstex ) -- This report provides key data and information on the meat , fish and poultry market in Finland .",1.0,val,,
1297,"Mercator will use the software for its logistic , retail and wholesale operations in Slovenia and its other markets in southeastern Europe .",1.0,val,,
1303,Negotiations with representatives of the personnel regarding the restructuring process have now been ended .,1.0,val,,
1306,"Niina Nenonen , Marimekko 's current director for clothing , bags and accessories lines , will take up this role .",1.0,val,,
1315,NWC ANALYSIS :,1.0,val,,
1326,"OTHER  North-Rhine Westphalia - Is to issue a benchmark , 5 year fixed rate deal in Euros .",1.0,val,,
1327,Other details were not provided .,1.0,val,,
1330,Pharmaceutical market in Poland Global Research & Data Services published recently a market analysis about the pharmaceutical markets in Poland .,1.0,val,,
1344,"Rautalinko was resposnible also for Mobility Services , and his job in this division will be continued by Marek Hintze .",1.0,val,,
1345,"Retail chain Suomen L+ñhikauppa was given the index 5.8 , airline SAS 5.8 , TeliaSonera 's broadband 6.1 , German retail chain Lidl 6.1 , Tele Finland 's mobile subscriptions 6.1 , Tallink shipping line 6.3 , and power company Helsinki Energy 6.3 .",1.0,val,,
1374,"The acquisition was financed with $ 2.56 billion of debt arranged by Goldman , Sachs & Co. .",1.0,val,,
1375,"The Annual Report contains the financial statements , the consolidated financial statements , the report by the Board of Directors and the auditor 's report .",1.0,val,,
1381,The bond has a value of EUR150m and a maturity of 4 years .,1.0,val,,
1386,"The changes will take effect on 1 January 2010 , and they are not estimated to have an impact on the number of employees .",1.0,val,,
1391,The company did not disclose the price of the acquisition .,1.0,val,,
1396,"The company is headquartered in Sievi , Finland , and is listed on the Nordic Exchange in Helsinki .",1.0,val,,
1402,The company 's board of directors would propose a dividend of EUR1 .00 per share for 2005 .,1.0,val,,
1422,The CVs of the proposed members are available for viewing from 12 March 2008 onwards on the Internet at www.sampo.com/ir .,1.0,val,,
1431,"The facility will be used to refinance Citycon 's existing credit facility , the company said .",1.0,val,,
1434,The financial details of the transaction were not disclosed .,1.0,val,,
1436,The financial statements release will be available after publishing on the Company 's internet pages at www.cargotec.com .,1.0,val,,
1438,"The firm 's services include copying , printing , CAD-modelling , digital printing , scanning , SokoPro project bank and courier services .",1.0,val,,
1441,"The flagship will open this fall in Manhattan 's Flatiron District in the `` Toy Building , '' at 200 Fifth Avenue .",1.0,val,,
1457,"The market value of one crane is some USD6m , reported the Finnish news agency STT .",1.0,val,,
1459,"The maximum obligated total trades per day is ISK 400,000,000 market value .",1.0,val,,
1465,"The new company , DiaPol S.r.l. , would manufacture tools meant for glass and stone pre-processing .",1.0,val,,
1466,"The new Kroksberg railway tunnel will be built on a new section of track between Harnosand and Veda , forming part of the line that follows the coast of the Gulf of Bothnia .",1.0,val,,
1472,The online ice chart shows no ice in the area of Estonia 's sea ports on the coast of the Gulf of Finland .,1.0,val,,
1475,The order is related to renewing the network of the telecommunications operator .,1.0,val,,
1477,The passenger tunnel is expected to be put into operation in 2009 .,1.0,val,,
1478,The plant is expected to enter commercial operation by mid-2009 .,1.0,val,,
1485,The power generated annually by Loviisa covers about 10 % of Finland 's electricity consumption .,1.0,val,,
1492,The proposal that the Board of Directors will make at the Annual General Meeting is attached as a whole to this release .,1.0,val,,
1494,The reductions will be concluded by autumn 2010 .,1.0,val,,
1497,"The report profiles 158 companies including many key and niche players including major Nonwovens manufacturers such as Ahlstrom Corporation , Asahi Kasei Corporation , Buckeye Technologies , Inc. , EI .",1.0,val,,
1508,"The share capital of Biotie Therapies Corp. constitutes 90,211,860 shares in the aggregate and the number of voting rights attached to the shares amounts to 90,211,860 .",1.0,val,,
1509,The share subscription period for stock options 2007A is between 1 April 2010 and 31 March 2012 .,1.0,val,,
1518,"The total restructuring costs are expected to be about EUR 30mn , of which EUR 13.5 mn was booked in December 2008 .",1.0,val,,
1519,"The total size of the complex is around 25,000 m2 and the project will be constructed in stages .",1.0,val,,
1530,The value of the order is nearly EUR400m .,1.0,val,,
1551,This includes a EUR 39.5 mn change in the fair value of investment properties .,1.0,val,,
1568,"With five different game modes , co-op tournaments , 4 player split-screen and multiplayer modes , players can have as much fun as they would if they were actually fishing .",1.0,val,,
1570,"With this , the company will exit the contract manufacturing service segment .",1.0,val,,
1579,The company continued the development of a fully human antibody in its VAP-1 antibody program .,1.0,val,,
1585,`` This could be us .,1.0,val,,
1590,"A total of 15,000 new Citycon shares with a nominal value of EUR 1.35 per share were subscribed between 17 and 23 March 2006 exercising the A-B-C options based on the company 's stock option plan 1999 .",1.0,val,,
1591,ABN : 59 087 901 620 now represent 5.10 % of the voting rights and share capital of Citycon Oyj .,1.0,val,,
1602,"Based in Helsinki , Finland , Ramirent has branches in 13 Nordic , central and Eastern European countries .",1.0,val,,
1608,Cameco typically prices sales contracts using a 40:60 ratio of fixed prices and spot prices .,1.0,val,,
1615,"Componenta has production lines for similar-sized products at Karkkila in Finland , at Weert in the Netherlands and at Orhangazi in Turkey , and these had a combined output of approximately 100,000 tonnes and net sales of EUR 135 million in 2007 .",1.0,val,,
1620,"Currently Glaston employs approximately 1,500 persons .",1.0,val,,
1622,Customers include hotels and restaurants as well as wholesalers and some retailers .,1.0,val,,
1623,"Customers wave cards in front of the reader to make payments , similar to `` touch and go '' cards used in transport systems .",1.0,val,,
1636,"Following the demerger , the vice president of the group 's pharmaceutical trade in Finland , Jukka Niemi , will be appointed managing director of Oriola in addition to his current responsibilities .",1.0,val,,
1643,"In 2007 , Etteplan had turnover of EUR125 .2 m.",1.0,val,,
1653,"In April-June 2008 , Scanfil 's net sales totalled EUR 58.7 mn and operating profit EUR 6.6 mn .",1.0,val,,
1654,"In Finland , the five largest brands control 90 % of the beer market .",1.0,val,,
1655,In July it and Quadriga Capital sold their Lewa GmbH pump-making business to Japan 's Nikkiso Co. .,1.0,val,,
1670,Lieksaare Oy has earlier been regarded under the control of Saarelainen Oy and the individual shareholders under the shareholder agreement .,1.0,val,,
1674,Marimekko is considering further measures in the matter .,1.0,val,,
1675,"Metsaliitto will sell 1.1 million B shares of Neomarkka , accounting for about 18.3 pct of Neomarkka 's equity and about 12.7 pct of the voting rights .",1.0,val,,
1685,No financial details of the deployment were disclosed .,1.0,val,,
1690,Nordstjernan has used its option to buy another 22.4 % stake of Salcomp 's shares and votes .,1.0,val,,
1700,Pharmaceutical market in Czech Republic Global Research & Data Services published recently a market analysis about the pharmaceutical markets in Czech Republic .,1.0,val,,
1701,Pharmaceutical market in Italy Global Research & Data Services published recently a market analysis about the pharmaceutical markets in Italy .,1.0,val,,
1716,Storengy is the GDF SUEZ company that is dedicated to the underground storage of natural gas .,1.0,val,,
1718,"That address also happens to house Italian megamart Eataly , meaning that `` Come on , kids , we 're going to the Toy Building ! ''",1.0,val,,
1719,"The 3C Expo is a signature show in Dongguan , which is supported by the Dongguan Municipal Government every year , featuring computer accessories , software , communication and network products .",1.0,val,,
1724,"The Board established a Remuneration Committee with following members : - Sari Baldauf Chairman - Tapio Hintikka - Heikki Westerlund In addition , the Board decided to appoint a Nomination Committee at a later stage .",1.0,val,,
1744,The company has an annual turnover of EUR32 .8 m.,1.0,val,,
1758,"The customer is then forwarded to the site , and unknown to him logged in with the first number .",1.0,val,,
1760,"The decision reflects the underutilisation of the line , which produces nonwovens used in medical and wipes applications as well as for the automotive industry .",1.0,val,,
1767,The EA Reng group posted sales of approximately 84 million kroons for 2007 .,1.0,val,,
1773,"The equipment will be made at Vaahto 's plant in Hollola in Finland , and delivery is scheduled for the first quarter of 2009 .",1.0,val,,
1777,"The executive said that countries such as Brazil , Chile , Argentina and Mexico will lead the adoption in the business Ethernet services segment , while Brazil and Mexico will be the early adopters of carrier Ethernet for mobile backhaul .",1.0,val,,
1779,The expanded plant is scheduled to be operational by the middle of October 2009 .,1.0,val,,
1781,"The facility will have a lettable area of some 19,000 sq m. The plot for the plant , located in the Ratasmaki business park , will be purchased from the City of Forssa .",1.0,val,,
1792,The markets expect Heineken to sell Hartwall as a whole or in parts .,1.0,val,,
1796,The net sales of the Power Plants business were EUR 710.3 million in 2005 .,1.0,val,,
1801,"The order consists of outsourced application management , support and planning for Tecnotree and third-party applications .",1.0,val,,
1802,The order includes 48 ship cranes that will be delivered for 12 container feeders to be built at Wenchong shipyard in China .,1.0,val,,
1816,"The segments through which the company operates are Frozen Food business , Seafoods , Vegetable Oil business , Grain Trading and Other business operations .",1.0,val,,
1827,The total value of the contract is some EUR 8 million .,1.0,val,,
1829,The transaction is planned to be financed with a EUR40m market-based loan granted by Standard Chartered Bank Hong Kong .,1.0,val,,
1832,The value of the contract is about EUR 27mn .,1.0,val,,
1836,The value of the contracts is about EUR 3.3 mn .,1.0,val,,
1848,To see a slide show of all the newest product releases from Fiskars .,1.0,val,,
1853,"Under the transaction agreement , Metsaliitto will purchase 24.7 % of Metsa-Botnia 's shares from UPM and 3 % from M-real .",1.0,val,,
1854,"Unit prices for straddle carriers vary between EUR700 ,000 and EUR900 ,000 , the company added .",1.0,val,,
1857,"Veidekke , headquartered in Oslo , Norway , is a Scandinavian construction and property development group with some 6,350 employees in Norway , Sweden and Denmark , with an annual turnover of NOK16 .4 bn .",1.0,val,,
1860,"With the new arrangement , customer responsibilities will become mainly regional .",1.0,val,,
1865,"Production levels have been agreed with producers a long time ago , so a fall in consumption will lead to losses .",0.0,val,,
1874,Finnish automation solutions developer Cencorp Corporation ( OMX Helsinki : CNC1V ) issued on Thursday ( 18 September ) a profit warning for the third quarter of 2008 .,0.0,val,,
1876,Finnish technology company Raute Corporation ( OMX Helsinki : RUTAV ) issued on Tuesday ( 23 September ) a profit warning for the financial year 2008 .,0.0,val,,
1880,Loss for the period totalled EUR 15.6 mn compared to a profit of EUR 6.3 mn in 2008 .,0.0,val,,
1881,Operating loss amounted to EUR 0.9 mn in the first half of 2006 compared to a profit of EUR 0.5 mn in the first half of 2005 .,0.0,val,,
1889,Pretax loss totalled EUR 162.3 mn compared to a profit of EUR 253.5 mn in 2007 .,0.0,val,,
1891,"Publishing Sweden 's operating loss was EUR 1.1 mn in Q1 of 2009 , compared to a profit of EUR 0.6 mn a year ago .",0.0,val,,
1892,The company reported today an operating loss of EUR0 .1 m on net sales of EUR4 .5 m for the first quarter 2008 .,0.0,val,,
1904,"Operating result showed a loss of EUR 2.9 mn , while a year before , it showed a profit of EUR 0.6 mn .",0.0,val,,
1909,The real estate company posted a net loss of +ó  x201a -¼ 59.3 million +ó  x201a -¼ 0.21 per share compared with a net profit of +ó  x201a -¼ 31 million +ó  x201a -¼ 0.11 per share for the corresponding quarter of 2007 .,0.0,val,,
1911,Operating profit excluding restructuring costs grew to EUR 44.5 million from EUR 31.7 million while operating profit including restructuring costs showed even larger growth to EUR 38.5 million from EUR 7.4 million .,2.0,val,,
1921,"Finnish energy company Fortum Oyj said on November 13 , 2007 it was granted an environmental permit to build a biofuel-fired combined heat and power CHP plant in Vartan harbor in eastern Stockholm .",2.0,val,,
1922,Nokia was up 0.12 pct to 16.70 eur after kicking off the morning in negative territory .,2.0,val,,
1931,Nokia and Capcom announced that Resident Evil Degeneration will be released on N-Gage later this year .,1.0,val,,
1942,"Alpina Sports is a Lebanon , New Hampshire USA based distributor of e.g. Alpina ski shoes and skis , Exel ski poles , Start ski waxes and now also Peltonen cross-country skis .",1.0,val,,
1949,"Huhtamaki 's rigid plastic consumer goods operations , which are mainly in Europe , will be separated into a new reporting segment as of 1 January 2009 .",1.0,val,,
1952,Mr. Kari Stadigh will carry on as Chairman of the Board and Mr. Matti Arteva as Vice-Chairman .,1.0,val,,
1965,"The company has a continuous need for alloys such as nickel , ferro-chrome , molybdenum and manganese in its production , said Talvivaara .",1.0,val,,
1984,The terms and conditions of Stock Option Scheme 2004 are available on the Group 's website .,1.0,val,,
1988,"`` The biggest challenge was to make the piece look raw , '' Hansen said .",1.0,val,,
1994,Filmiteollisuus Fine Ab will be transferred to Talentum Oyj in the form of a subsidiary .,1.0,val,,
1995,"HELSINKI AFX - Salcomp , the mobile phone charger manufacturer , said it has appointed Markku Hangasjarvi as its new CEO , following the resignation of Mats Eriksson .",1.0,val,,
1999,Niklas Skogster has been employed by the ABB Group in various positions concerning the development of operations .,1.0,val,,
2001,"The company operates a U.S. division in Lisle , Ill. .",1.0,val,,
2007,"The product range includes marinated olives , cold cuts , and pates , for example .",1.0,val,,
2018,The situation of coated magazine printing paper will continue to be weak .,0.0,val,,
2024,Glaston 's net profit for the third quarter of 2007 dropped to 2.4 mln euro ( $ 3.5 mln ) from 3.5 mln euro ( $ 5.1 mln ) for the corresponding period of 2006 .,0.0,val,,
2025,L&T 's net profit for the whole 2010 dropped to EUR 36 million from EUR 45 million for 2009 .,0.0,val,,
2040,Swedbank 's shares have been hardest hit of the Swedish banks by the ongoing international financial crisis .,0.0,val,,
2049,Cash flow from operations in January-December 2008 was a negative EUR 18.1 mn compared to EUR 39.0 mn in the corresponding period in 2007 .,0.0,val,,
2054,"YIT lodged counter claims against Neste Oil totaling some EUR25m , primarily based on work carried out under the contract and additional costs incurred due to prolongation of the project .",0.0,val,,
2055,"` The stable outlook reflects Nokia 's strong market position in the global mobile handset market , strong cash flow generation , and very conservative balance sheet , ' said Raab .",2.0,val,,
2057,"efficiency improvement measures 20 January 2010 - Finnish stationery and gift retailer Tiimari HEL : TII1V said today that it will continue to improve its operational efficiency , by focusing on its profitable core operations .",2.0,val,,
2059,Technical indicators for the stock are bullish and S&P gives NOK a positive 4 STARS out of 5 buy ranking .,2.0,val,,
2062,"`` After a long , unprofitable period the Food Division posted a profitable result , which speaks of a healthier cost structure and a new approach in business operations , '' Rihko said .",2.0,val,,
2064,"29 September , 2010 Finnish waste management and recycling company Lassila & Tikanoja expands its operations in Russia by introducing its recently completed recycling plant in the city of Dubna near Moscow .",2.0,val,,
2066,"The 10,000-odd square metre plot that Stockmann has bought for the Nevsky Center shopping center is located on Nevsky Prospect , St Petersburg 's high street , next to the Vosstaniya Square underground station , in the immediate vicinity of Moscow Station .",1.0,val,,
2068,"Sukhraj Dulai , of the 2900 block of Boni Sue Court , a cul-de-sac on the city 's north side , started the vehicle and went inside his house about 8 a.m. Tuesday , leaving the garage door open .",1.0,val,,
2078,He wore a black beanie-type cap and a black jacket .,1.0,val,,
2088,"Making matters more difficult , the company said it has been grappling with higher oil and gas prices , which have pushed up the cost of energy , raw materials and transportation .",0.0,val,,
2095,"The Finnish national carrier said net loss in April through June was euro26 million , down from a net profit of euro13 million a year earlier .",0.0,val,,
2102,"In Finland , the Bank of +àland reports its operating profit fell to EUR 6.1 mn in the second quarter of 2008 from EUR 7.5 mn in the second quarter of 2007 .",0.0,val,,
2106,"ADPnews - Aug 3 , 2009 - Finnish media group Ilkka-Yhtyma Oyj HEL : ILK2S said today its net profit fell 45 % on the year to EUR 5.9 million USD 8.4 m in the first half of 2009 .",0.0,val,,
2121,"Finnish Scanfil , a contract manufacturer and systems supplier for communication and industrial electronics reports net sales of EUR 108.7 mn in the first half of 2008 , down from EUR 111.1 mn a year earlier .",0.0,val,,
2128,Consolidated operating profit from continuing operations decreased by 62.3 % to EUR 51.2 mn from EUR 135.7 mn in 2007 .,0.0,val,,
2129,Consolidated pretax profit decreased by 69.2 % to EUR 41.0 mn from EUR 133.1 mn in 2007 .,0.0,val,,
2132,down to EUR5 .9 m H1 '09 3 August 2009 - Finnish media group Ilkka-Yhtyma Oyj ( HEL : ILK2S ) said today its net profit fell 45 % on the year to EUR5 .9 m in the first half of 2009 .,0.0,val,,
2147,"( ADP News ) - Feb 12 , 2009 - Finnish construction company Lemminkainen Oyj ( HEL : LEM1S ) said today its net profit decreased to EUR 63.5 million ( USD 81.1 m ) for 2008 from EUR 80.6 million for 2007 .",0.0,val,,
2158,"Net sales of Kyro 's main business area , Glaston Technologies , a manufacturer of glass processing machines , decreased to EUR 161.5 mn from EUR 164.1 mn in January-September 2005 .",0.0,val,,
2166,Pretax profit decreased to EUR 33.8 mn from EUR 40.8 mn in the fourth quarter of 2005 .,0.0,val,,
2168,Prices and delivery volumes of broadband products decreased significantly in 2005 .,0.0,val,,
2175,The company confirmed its estimate for lower revenue for the whole 2009 than the year-ago EUR93 .9 m as given in the interim report on 5 August 2009 .,0.0,val,,
2195,"In January-November 2009 , the group 's sales totalled EUR 7,801.7 mn , which was a drop of 12.6 % from the same period of 2008 .",0.0,val,,
2196,"In July-September 2009 , Konecranes ' sales decreased to EUR 368.7 mn from EUR 520.4 mn in July-September 2008 .",0.0,val,,
2199,"In the Baltic countries , sales fell by 40.2 % , and in Russia , by 23.2 % in terms of euros , and by 10.7 % in terms of local currency .",0.0,val,,
2200,"In the Baltic countries , sales fell by 42.6 % .",0.0,val,,
2204,Operating profit fell to EUR 20.3 mn from EUR 74.2 mn in the second quarter of 2008 .,0.0,val,,
2224,"YIT 's Baltic sales in the first three quarters of 2008 totaled 106.2 million euros , representing a drop of 29 percent year on year .",0.0,val,,
2228,"The announcement pushed Freenet shares down 6.3 % , or EUR0 .71 , in Frankfurt trade to EUR10 .65 as investors gave up hope United Internet AG and Drillisch would pursue their own takeover and breakup of Freenet .",0.0,val,,
2236,The hull of the vessel was built one block at a time and Ruukki delivered the plate material for each block as construction progressed .,1.0,val,,
2242,Finnish meat company Atria can no longer promise a sufficient amount of domestic beef to its customers .,0.0,val,,
2250,"External net sales from the printing business fell by 43.7 % , partly due to the termination of the printing contract between Ilkka-Yhtyma 's printing house I-print Oy and sector player HSS Media AB in December 2009 and the fall in printing prices .",0.0,val,,
2252,"The OMX Helsinki index was down 0.34 pct at 8,256.02 on turnover of 813.191 mln eur .",0.0,val,,
0,,,,0.0,2.0
1,,,,0.0,2.0
2,,,,0.0,2.0
3,,,,0.0,2.0
5,,,,0.0,2.0
6,,,,2.0,1.0
7,,,,2.0,1.0
8,,,,0.0,2.0
9,,,,0.0,2.0
11,,,,0.0,2.0
12,,,,0.0,2.0
14,,,,0.0,2.0
15,,,,0.0,2.0
16,,,,0.0,2.0
17,,,,0.0,2.0
18,,,,0.0,2.0
19,,,,0.0,2.0
20,,,,0.0,2.0
21,,,,0.0,2.0
22,,,,0.0,2.0
23,,,,0.0,2.0
24,,,,0.0,2.0
25,,,,0.0,2.0
26,,,,0.0,2.0
27,,,,0.0,2.0
28,,,,0.0,2.0
29,,,,0.0,2.0
31,,,,0.0,2.0
32,,,,0.0,2.0
34,,,,0.0,2.0
36,,,,0.0,2.0
38,,,,0.0,2.0
40,,,,0.0,2.0
41,,,,0.0,2.0
42,,,,0.0,2.0
44,,,,0.0,2.0
45,,,,0.0,2.0
46,,,,0.0,2.0
48,,,,2.0,1.0
49,,,,2.0,1.0
50,,,,2.0,1.0
51,,,,2.0,1.0
52,,,,2.0,1.0
53,,,,0.0,2.0
54,,,,0.0,2.0
55,,,,0.0,2.0
57,,,,0.0,2.0
58,,,,0.0,2.0
59,,,,0.0,2.0
60,,,,1.0,0.0
61,,,,1.0,0.0
63,,,,1.0,0.0
65,,,,0.0,0.0
66,,,,0.0,2.0
68,,,,0.0,2.0
69,,,,0.0,2.0
70,,,,0.0,2.0
71,,,,0.0,2.0
72,,,,0.0,2.0
73,,,,0.0,2.0
74,,,,0.0,2.0
76,,,,0.0,2.0
77,,,,2.0,1.0
78,,,,2.0,1.0
80,,,,2.0,1.0
82,,,,2.0,1.0
83,,,,2.0,1.0
85,,,,2.0,1.0
86,,,,2.0,1.0
87,,,,2.0,1.0
88,,,,2.0,1.0
91,,,,2.0,1.0
92,,,,2.0,1.0
93,,,,2.0,1.0
94,,,,2.0,1.0
95,,,,2.0,1.0
96,,,,2.0,1.0
97,,,,2.0,1.0
98,,,,2.0,1.0
99,,,,2.0,1.0
100,,,,2.0,1.0
101,,,,2.0,1.0
102,,,,2.0,1.0
103,,,,2.0,1.0
104,,,,2.0,1.0
106,,,,2.0,1.0
108,,,,0.0,2.0
109,,,,0.0,2.0
110,,,,0.0,2.0
111,,,,2.0,1.0
112,,,,2.0,1.0
113,,,,2.0,1.0
114,,,,0.0,2.0
116,,,,2.0,1.0
117,,,,2.0,1.0
119,,,,0.0,2.0
121,,,,0.0,2.0
122,,,,0.0,2.0
123,,,,1.0,2.0
124,,,,0.0,2.0
125,,,,0.0,2.0
126,,,,0.0,2.0
127,,,,0.0,2.0
128,,,,0.0,2.0
129,,,,2.0,1.0
131,,,,2.0,1.0
132,,,,2.0,1.0
133,,,,2.0,1.0
134,,,,2.0,1.0
135,,,,2.0,1.0
136,,,,2.0,1.0
137,,,,2.0,1.0
138,,,,2.0,1.0
139,,,,2.0,1.0
140,,,,2.0,1.0
141,,,,2.0,1.0
143,,,,2.0,1.0
144,,,,2.0,1.0
146,,,,2.0,1.0
147,,,,2.0,1.0
148,,,,2.0,1.0
149,,,,2.0,1.0
151,,,,2.0,1.0
153,,,,2.0,1.0
154,,,,2.0,1.0
155,,,,2.0,1.0
156,,,,2.0,1.0
157,,,,2.0,1.0
158,,,,2.0,1.0
159,,,,2.0,1.0
160,,,,2.0,1.0
161,,,,2.0,1.0
162,,,,2.0,1.0
163,,,,2.0,1.0
164,,,,2.0,1.0
166,,,,2.0,1.0
167,,,,2.0,1.0
168,,,,2.0,1.0
169,,,,2.0,1.0
170,,,,2.0,1.0
171,,,,2.0,1.0
173,,,,2.0,1.0
175,,,,2.0,1.0
177,,,,2.0,1.0
178,,,,2.0,1.0
180,,,,2.0,1.0
181,,,,2.0,1.0
182,,,,2.0,1.0
183,,,,2.0,1.0
184,,,,2.0,1.0
185,,,,2.0,1.0
186,,,,2.0,1.0
187,,,,2.0,1.0
188,,,,1.0,1.0
189,,,,2.0,1.0
190,,,,2.0,1.0
191,,,,2.0,1.0
192,,,,2.0,1.0
194,,,,2.0,1.0
195,,,,2.0,1.0
196,,,,2.0,1.0
197,,,,2.0,1.0
198,,,,2.0,1.0
199,,,,2.0,1.0
200,,,,2.0,1.0
201,,,,2.0,1.0
202,,,,2.0,1.0
203,,,,2.0,1.0
204,,,,0.0,1.0
206,,,,2.0,1.0
207,,,,2.0,1.0
209,,,,2.0,1.0
210,,,,2.0,1.0
211,,,,2.0,1.0
212,,,,2.0,1.0
213,,,,2.0,1.0
214,,,,2.0,1.0
215,,,,2.0,1.0
216,,,,2.0,1.0
218,,,,2.0,1.0
219,,,,2.0,1.0
220,,,,2.0,1.0
221,,,,2.0,1.0
222,,,,2.0,1.0
223,,,,2.0,1.0
224,,,,2.0,1.0
226,,,,2.0,1.0
227,,,,2.0,1.0
228,,,,2.0,1.0
230,,,,2.0,1.0
232,,,,2.0,1.0
233,,,,2.0,1.0
234,,,,2.0,1.0
235,,,,2.0,1.0
236,,,,2.0,1.0
238,,,,2.0,1.0
240,,,,2.0,1.0
243,,,,2.0,1.0
244,,,,2.0,1.0
245,,,,2.0,1.0
246,,,,2.0,1.0
247,,,,2.0,1.0
248,,,,2.0,1.0
249,,,,2.0,1.0
250,,,,2.0,1.0
251,,,,2.0,1.0
252,,,,2.0,1.0
253,,,,2.0,1.0
254,,,,2.0,1.0
255,,,,2.0,1.0
256,,,,2.0,1.0
257,,,,2.0,1.0
258,,,,2.0,1.0
260,,,,2.0,1.0
261,,,,2.0,1.0
262,,,,2.0,1.0
263,,,,2.0,1.0
264,,,,2.0,1.0
265,,,,2.0,1.0
266,,,,2.0,1.0
267,,,,2.0,1.0
268,,,,2.0,1.0
269,,,,2.0,1.0
270,,,,2.0,1.0
271,,,,2.0,1.0
273,,,,2.0,1.0
274,,,,2.0,1.0
276,,,,2.0,1.0
279,,,,1.0,0.0
282,,,,1.0,0.0
283,,,,1.0,0.0
284,,,,1.0,0.0
285,,,,1.0,0.0
286,,,,1.0,0.0
287,,,,0.0,2.0
288,,,,0.0,2.0
289,,,,0.0,2.0
290,,,,2.0,1.0
291,,,,2.0,1.0
292,,,,2.0,1.0
293,,,,2.0,1.0
294,,,,2.0,1.0
295,,,,2.0,1.0
296,,,,2.0,1.0
297,,,,2.0,1.0
300,,,,2.0,1.0
301,,,,2.0,1.0
302,,,,1.0,0.0
303,,,,1.0,0.0
304,,,,1.0,0.0
305,,,,1.0,0.0
306,,,,1.0,0.0
307,,,,1.0,0.0
309,,,,0.0,2.0
310,,,,0.0,2.0
311,,,,0.0,2.0
312,,,,0.0,2.0
313,,,,2.0,1.0
315,,,,2.0,1.0
317,,,,1.0,0.0
319,,,,1.0,0.0
320,,,,1.0,0.0
321,,,,1.0,0.0
322,,,,1.0,0.0
323,,,,1.0,0.0
324,,,,1.0,0.0
325,,,,1.0,0.0
326,,,,1.0,0.0
327,,,,1.0,0.0
328,,,,1.0,0.0
329,,,,1.0,0.0
331,,,,1.0,0.0
332,,,,1.0,0.0
333,,,,1.0,0.0
334,,,,1.0,0.0
335,,,,1.0,0.0
336,,,,2.0,1.0
337,,,,2.0,0.0
338,,,,1.0,0.0
339,,,,1.0,0.0
