,Models response,label
0,neutral,1
1,positive,2
2,positive,2
3,positive,2
4,positive,2
5,positive,2
6,positive,2
7,positive,2
8,positive,2
9,positive,2
10,positive,2
11,positive,2
12,positive,2
13,positive,2
14,positive,2
15,positive,2
16,positive,2
17,positive,2
18,positive,2
19,positive,2
20,positive,2
21,positive,2
22,positive,2
23,positive,2
24,positive,2
25,positive,2
26,positive,2
27,positive,2
28,positive,2
29,positive,2
30,positive,2
31,positive,2
32,positive,2
33,positive,2
34,positive,2
35,positive,2
36,positive,2
37,neutral,1
38,neutral,1
39,neutral,1
40,neutral,1
41,positive,2
42,positive,2
43,positive,2
44,positive,2
45,positive,2
46,positive,2
47,positive,2
48,positive,2
49,positive,2
50,positive,2
51,positive,2
52,positive,2
53,positive,2
54,neutral,1
55,positive,2
56,positive,2
57,positive,2
58,positive,2
59,positive,2
60,positive,2
61,positive,2
62,positive,2
63,positive,2
64,positive,2
65,positive,2
66,positive,2
67,positive,2
68,positive,2
69,positive,2
70,positive,2
71,positive,2
72,positive,2
73,positive,2
74,positive,2
75,positive,2
76,positive,2
77,positive,2
78,positive,2
79,positive,2
80,positive,2
81,positive,2
82,positive,2
83,positive,2
84,positive,2
85,positive,2
86,positive,2
87,positive,2
88,positive,2
89,positive,2
90,positive,2
91,positive,2
92,positive,2
93,positive,2
94,positive,2
95,positive,2
96,positive,2
97,positive,2
98,positive,2
99,positive,2
100,positive,2
101,positive,2
102,positive,2
103,positive,2
104,positive,2
105,positive,2
106,positive,2
107,positive,2
108,positive,2
109,positive,2
110,positive,2
111,positive,2
112,positive,2
113,positive,2
114,positive,2
115,positive,2
116,positive,2
117,positive,2
118,positive,2
119,positive,2
120,positive,2
121,positive,2
122,positive,2
123,positive,2
124,positive,2
125,positive,2
126,positive,2
127,positive,2
128,positive,2
129,positive,2
130,positive,2
131,positive,2
132,positive,2
133,positive,2
134,positive,2
135,positive,2
136,positive,2
137,positive,2
138,positive,2
139,positive,2
140,positive,2
141,positive,2
142,positive,2
143,positive,2
144,positive,2
145,positive,2
146,positive,2
147,positive,2
148,positive,2
149,positive,2
150,positive,2
151,positive,2
152,positive,2
153,positive,2
154,positive,2
155,positive,2
156,positive,2
157,positive,2
158,positive,2
159,positive,2
160,positive,2
161,positive,2
162,positive,2
163,positive,2
164,positive,2
165,positive,2
166,positive,2
167,positive,2
168,positive,2
169,positive,2
170,positive,2
171,positive,2
172,positive,2
173,positive,2
174,positive,2
175,positive,2
176,positive,2
177,positive,2
178,positive,2
179,positive,2
180,positive,2
181,positive,2
182,positive,2
183,positive,2
184,positive,2
185,positive,2
186,positive,2
187,positive,2
188,positive,2
189,positive,2
190,positive,2
191,positive,2
192,positive,2
193,positive,2
194,positive,2
195,positive,2
196,positive,2
197,positive,2
198,positive,2
199,positive,2
200,positive,2
201,positive,2
202,positive,2
203,positive,2
204,positive,2
205,positive,2
206,positive,2
207,positive,2
208,positive,2
209,positive,2
210,positive,2
211,positive,2
212,positive,2
213,positive,2
214,positive,2
215,positive,2
216,positive,2
217,positive,2
218,positive,2
219,positive,2
220,positive,2
221,positive,2
222,positive,2
223,positive,2
224,positive,2
225,positive,2
226,positive,2
227,positive,2
228,positive,2
229,positive,2
230,positive,2
231,positive,2
232,positive,2
233,positive,2
234,positive,2
235,positive,2
236,positive,2
237,positive,2
238,positive,2
239,positive,2
240,positive,2
241,positive,2
242,positive,2
243,positive,2
244,positive,2
245,positive,2
246,positive,2
247,positive,2
248,positive,2
249,positive,2
250,positive,2
251,positive,2
252,positive,2
253,positive,2
254,positive,2
255,positive,2
256,positive,2
257,positive,2
258,positive,2
259,positive,2
260,positive,2
261,positive,2
262,positive,2
263,positive,2
264,neutral,1
265,neutral,1
266,neutral,1
267,neutral,1
268,neutral,1
269,neutral,1
270,neutral,1
271,neutral,1
272,neutral,1
273,neutral,1
274,neutral,1
275,neutral,1
276,neutral,1
277,neutral,1
278,positive,2
279,neutral,1
280,neutral,1
281,neutral,1
282,negative,0
283,neutral,1
284,neutral,1
285,neutral,1
286,neutral,1
287,neutral,1
288,positive,2
289,neutral,1
290,neutral,1
291,neutral,1
292,negative,0
293,negative,0
294,negative,0
295,positive,2
296,positive,2
297,positive,2
298,positive,2
299,positive,2
300,positive,2
301,positive,2
302,positive,2
303,positive,2
304,positive,2
305,neutral,1
306,neutral,1
307,neutral,1
308,neutral,1
309,positive,2
310,positive,2
311,positive,2
312,positive,2
313,positive,2
314,positive,2
315,positive,2
316,positive,2
317,positive,2
318,positive,2
319,positive,2
320,positive,2
321,positive,2
322,positive,2
323,positive,2
324,positive,2
325,positive,2
326,neutral,1
327,positive,2
328,negative,0
329,negative,0
330,positive,2
331,positive,2
332,negative,0
333,negative,0
334,negative,0
335,negative,0
336,positive,2
337,positive,2
338,positive,2
339,positive,2
340,negative,0
341,positive,2
342,negative,0
343,negative,0
344,positive,2
345,positive,2
346,negative,0
347,negative,0
348,negative,0
349,negative,0
350,negative,0
351,negative,0
352,negative,0
353,negative,0
354,negative,0
355,negative,0
356,negative,0
357,negative,0
358,negative,0
359,negative,0
360,negative,0
361,negative,0
362,negative,0
363,positive,2
364,positive,2
365,neutral,1
366,positive,2
367,positive,2
368,positive,2
369,positive,2
370,negative,0
371,negative,0
372,negative,0
373,negative,0
374,negative,0
375,positive,2
376,positive,2
377,positive,2
378,positive,2
379,positive,2
380,positive,2
381,negative,0
382,positive,2
383,positive,2
384,positive,2
385,positive,2
386,positive,2
387,positive,2
388,positive,2
389,positive,2
390,positive,2
391,positive,2
392,neutral,1
393,positive,2
394,positive,2
395,positive,2
396,negative,0
397,positive,2
398,positive,2
399,positive,2
400,positive,2
401,positive,2
402,positive,2
403,positive,2
404,positive,2
405,positive,2
406,positive,2
407,positive,2
408,positive,2
409,positive,2
410,positive,2
411,positive,2
412,positive,2
413,positive,2
414,positive,2
415,positive,2
416,positive,2
417,positive,2
418,positive,2
419,positive,2
420,positive,2
421,positive,2
422,positive,2
423,positive,2
424,positive,2
425,positive,2
426,positive,2
427,positive,2
428,positive,2
429,positive,2
430,positive,2
431,positive,2
432,positive,2
433,positive,2
434,positive,2
435,positive,2
436,positive,2
437,positive,2
438,positive,2
439,positive,2
440,positive,2
441,positive,2
442,positive,2
443,positive,2
444,positive,2
445,positive,2
446,positive,2
447,positive,2
448,neutral,1
449,positive,2
450,positive,2
451,positive,2
452,positive,2
453,positive,2
454,positive,2
455,positive,2
456,positive,2
457,positive,2
458,positive,2
459,positive,2
460,positive,2
461,positive,2
462,positive,2
463,positive,2
464,positive,2
465,positive,2
466,positive,2
467,negative,0
468,positive,2
469,positive,2
470,positive,2
471,positive,2
472,positive,2
473,positive,2
474,positive,2
475,positive,2
476,positive,2
477,neutral,1
478,positive,2
479,positive,2
480,positive,2
481,positive,2
482,neutral,1
483,neutral,1
484,neutral,1
485,neutral,1
486,neutral,1
487,neutral,1
488,neutral,1
489,neutral,1
490,neutral,1
491,neutral,1
492,neutral,1
493,neutral,1
494,neutral,1
495,neutral,1
496,neutral,1
497,neutral,1
498,neutral,1
499,neutral,1
500,neutral,1
501,neutral,1
502,negative,0
503,neutral,1
504,neutral,1
505,neutral,1
506,positive,2
507,neutral,1
508,neutral,1
509,neutral,1
510,neutral,1
511,neutral,1
512,positive,2
513,neutral,1
514,neutral,1
515,neutral,1
516,neutral,1
517,neutral,1
518,neutral,1
519,neutral,1
520,neutral,1
521,neutral,1
522,neutral,1
523,neutral,1
524,neutral,1
525,positive,2
526,neutral,1
527,negative,0
528,neutral,1
529,negative,0
530,neutral,1
531,neutral,1
532,neutral,1
533,negative,0
534,neutral,1
535,neutral,1
536,neutral,1
537,neutral,1
538,neutral,1
539,positive,2
540,neutral,1
541,neutral,1
542,neutral,1
543,neutral,1
544,neutral,1
545,neutral,1
546,neutral,1
547,neutral,1
548,neutral,1
549,neutral,1
550,neutral,1
551,neutral,1
552,neutral,1
553,positive,2
554,neutral,1
555,positive,2
556,neutral,1
557,neutral,1
558,neutral,1
559,neutral,1
560,neutral,1
561,neutral,1
562,neutral,1
563,neutral,1
564,positive,2
565,neutral,1
566,neutral,1
567,positive,2
568,neutral,1
569,neutral,1
570,neutral,1
571,neutral,1
572,neutral,1
573,neutral,1
574,positive,2
575,neutral,1
576,neutral,1
577,neutral,1
578,neutral,1
579,neutral,1
580,positive,2
581,neutral,1
582,neutral,1
583,neutral,1
584,negative,0
585,neutral,1
586,neutral,1
587,neutral,1
588,neutral,1
589,neutral,1
590,neutral,1
591,neutral,1
592,positive,2
593,neutral,1
594,positive,2
595,neutral,1
596,positive,2
597,neutral,1
598,neutral,1
599,neutral,1
600,neutral,1
601,neutral,1
602,neutral,1
603,neutral,1
604,neutral,1
605,neutral,1
606,neutral,1
607,neutral,1
608,neutral,1
609,neutral,1
610,neutral,1
611,neutral,1
612,neutral,1
613,neutral,1
614,neutral,1
615,neutral,1
616,neutral,1
617,neutral,1
618,neutral,1
619,neutral,1
620,neutral,1
621,neutral,1
622,neutral,1
623,neutral,1
624,neutral,1
625,neutral,1
626,neutral,1
627,neutral,1
628,neutral,1
629,neutral,1
630,neutral,1
631,neutral,1
632,neutral,1
633,neutral,1
634,positive,2
635,neutral,1
636,neutral,1
637,neutral,1
638,neutral,1
639,neutral,1
640,positive,2
641,neutral,1
642,neutral,1
643,neutral,1
644,neutral,1
645,neutral,1
646,neutral,1
647,positive,2
648,neutral,1
649,neutral,1
650,neutral,1
651,neutral,1
652,neutral,1
653,neutral,1
654,positive,2
655,neutral,1
656,neutral,1
657,neutral,1
658,neutral,1
659,neutral,1
660,neutral,1
661,neutral,1
662,neutral,1
663,neutral,1
664,positive,2
665,positive,2
666,neutral,1
667,neutral,1
668,neutral,1
669,negative,0
670,neutral,1
671,positive,2
672,neutral,1
673,neutral,1
674,neutral,1
675,neutral,1
676,neutral,1
677,neutral,1
678,neutral,1
679,neutral,1
680,neutral,1
681,neutral,1
682,neutral,1
683,neutral,1
684,neutral,1
685,positive,2
686,neutral,1
687,neutral,1
688,neutral,1
689,neutral,1
690,neutral,1
691,neutral,1
692,neutral,1
693,neutral,1
694,neutral,1
695,neutral,1
696,neutral,1
697,neutral,1
698,neutral,1
699,neutral,1
700,neutral,1
701,neutral,1
702,positive,2
703,neutral,1
704,neutral,1
705,neutral,1
706,neutral,1
707,neutral,1
708,neutral,1
709,neutral,1
710,neutral,1
711,neutral,1
712,neutral,1
713,neutral,1
714,neutral,1
715,neutral,1
716,neutral,1
717,neutral,1
718,neutral,1
719,neutral,1
720,neutral,1
721,neutral,1
722,neutral,1
723,positive,2
724,neutral,1
725,negative,0
726,negative,0
727,negative,0
728,negative,0
729,negative,0
730,positive,2
731,positive,2
732,positive,2
733,positive,2
734,positive,2
735,positive,2
736,positive,2
737,positive,2
738,positive,2
739,positive,2
740,positive,2
741,positive,2
742,positive,2
743,positive,2
744,positive,2
745,positive,2
746,positive,2
747,positive,2
748,positive,2
749,positive,2
750,positive,2
751,positive,2
752,positive,2
753,positive,2
754,negative,0
755,neutral,1
756,positive,2
757,neutral,1
758,negative,0
759,neutral,1
760,neutral,1
761,neutral,1
762,neutral,1
763,neutral,1
764,neutral,1
765,neutral,1
766,neutral,1
767,neutral,1
768,neutral,1
769,neutral,1
770,neutral,1
771,neutral,1
772,neutral,1
773,neutral,1
774,neutral,1
775,negative,0
776,negative,0
777,positive,2
778,positive,2
779,positive,2
780,positive,2
781,positive,2
782,positive,2
783,positive,2
784,neutral,1
785,neutral,1
786,neutral,1
787,positive,2
788,neutral,1
789,neutral,1
790,positive,2
791,neutral,1
792,neutral,1
793,positive,2
794,positive,2
795,negative,0
796,positive,2
797,positive,2
798,positive,2
799,positive,2
800,positive,2
801,positive,2
802,positive,2
803,positive,2
804,positive,2
805,positive,2
806,positive,2
807,positive,2
808,positive,2
809,positive,2
810,positive,2
811,positive,2
812,positive,2
813,positive,2
814,positive,2
815,positive,2
816,neutral,1
817,neutral,1
818,positive,2
819,positive,2
820,positive,2
821,positive,2
822,positive,2
823,neutral,1
824,positive,2
825,positive,2
826,positive,2
827,negative,0
828,positive,2
829,positive,2
830,neutral,1
831,positive,2
832,positive,2
833,positive,2
834,positive,2
835,positive,2
836,positive,2
837,negative,0
838,positive,2
839,positive,2
840,positive,2
841,neutral,1
842,positive,2
843,positive,2
844,positive,2
845,positive,2
846,positive,2
847,positive,2
848,positive,2
849,negative,0
850,negative,0
851,positive,2
852,positive,2
853,neutral,1
854,positive,2
855,positive,2
856,positive,2
857,positive,2
858,positive,2
859,positive,2
860,positive,2
861,positive,2
862,positive,2
863,positive,2
864,positive,2
865,positive,2
866,positive,2
867,positive,2
868,positive,2
869,positive,2
870,positive,2
871,positive,2
872,positive,2
873,neutral,1
874,positive,2
875,positive,2
876,positive,2
877,negative,0
878,positive,2
879,positive,2
880,positive,2
881,positive,2
882,positive,2
883,positive,2
884,positive,2
885,positive,2
886,positive,2
887,positive,2
888,neutral,1
889,neutral,1
890,neutral,1
891,neutral,1
892,neutral,1
893,neutral,1
894,neutral,1
895,neutral,1
896,neutral,1
897,positive,2
898,neutral,1
899,neutral,1
900,neutral,1
901,neutral,1
902,neutral,1
903,neutral,1
904,neutral,1
905,neutral,1
906,neutral,1
907,neutral,1
908,neutral,1
909,neutral,1
910,negative,0
911,positive,2
912,neutral,1
913,neutral,1
914,positive,2
915,neutral,1
916,neutral,1
917,neutral,1
918,neutral,1
919,neutral,1
920,positive,2
921,neutral,1
922,neutral,1
923,neutral,1
924,neutral,1
925,neutral,1
926,neutral,1
927,neutral,1
928,neutral,1
929,neutral,1
930,neutral,1
931,neutral,1
932,neutral,1
933,neutral,1
934,positive,2
935,neutral,1
936,neutral,1
937,neutral,1
938,neutral,1
939,neutral,1
940,neutral,1
941,neutral,1
942,neutral,1
943,neutral,1
944,neutral,1
945,neutral,1
946,positive,2
947,neutral,1
948,neutral,1
949,neutral,1
950,neutral,1
951,neutral,1
952,neutral,1
953,neutral,1
954,negative,0
955,neutral,1
956,neutral,1
957,neutral,1
958,neutral,1
959,neutral,1
960,neutral,1
961,neutral,1
962,neutral,1
963,neutral,1
964,positive,2
965,neutral,1
966,neutral,1
967,neutral,1
968,neutral,1
969,neutral,1
970,negative,0
971,neutral,1
972,neutral,1
973,neutral,1
974,neutral,1
975,neutral,1
976,neutral,1
977,negative,0
978,neutral,1
979,neutral,1
980,neutral,1
981,neutral,1
982,neutral,1
983,neutral,1
984,neutral,1
985,neutral,1
986,neutral,1
987,neutral,1
988,neutral,1
989,neutral,1
990,neutral,1
991,neutral,1
992,neutral,1
993,neutral,1
994,neutral,1
995,positive,2
996,neutral,1
997,negative,0
998,neutral,1
999,positive,2
1000,neutral,1
1001,neutral,1
1002,neutral,1
1003,negative,0
1004,neutral,1
1005,neutral,1
1006,neutral,1
1007,neutral,1
1008,neutral,1
1009,neutral,1
1010,neutral,1
1011,neutral,1
1012,neutral,1
1013,neutral,1
1014,neutral,1
1015,negative,0
1016,neutral,1
1017,neutral,1
1018,neutral,1
1019,neutral,1
1020,neutral,1
1021,neutral,1
1022,neutral,1
1023,neutral,1
1024,positive,2
1025,neutral,1
1026,neutral,1
1027,neutral,1
1028,neutral,1
1029,neutral,1
1030,positive,2
1031,neutral,1
1032,neutral,1
1033,neutral,1
1034,neutral,1
1035,neutral,1
1036,neutral,1
1037,neutral,1
1038,neutral,1
1039,neutral,1
1040,neutral,1
1041,neutral,1
1042,neutral,1
1043,neutral,1
1044,neutral,1
1045,neutral,1
1046,neutral,1
1047,negative,0
1048,neutral,1
1049,neutral,1
1050,neutral,1
1051,neutral,1
1052,neutral,1
1053,neutral,1
1054,neutral,1
1055,neutral,1
1056,neutral,1
1057,neutral,1
1058,neutral,1
1059,neutral,1
1060,neutral,1
1061,positive,2
1062,positive,2
1063,neutral,1
1064,positive,2
1065,neutral,1
1066,neutral,1
1067,positive,2
1068,neutral,1
1069,neutral,1
1070,neutral,1
1071,neutral,1
1072,positive,2
1073,neutral,1
1074,neutral,1
1075,neutral,1
1076,neutral,1
1077,neutral,1
1078,neutral,1
1079,neutral,1
1080,neutral,1
1081,neutral,1
1082,neutral,1
1083,neutral,1
1084,neutral,1
1085,neutral,1
1086,neutral,1
1087,neutral,1
1088,neutral,1
1089,negative,0
1090,neutral,1
1091,neutral,1
1092,neutral,1
1093,neutral,1
1094,neutral,1
1095,neutral,1
1096,positive,2
1097,positive,2
1098,positive,2
1099,neutral,1
1100,neutral,1
1101,neutral,1
1102,neutral,1
1103,neutral,1
1104,neutral,1
1105,neutral,1
1106,neutral,1
1107,neutral,1
1108,neutral,1
1109,neutral,1
1110,neutral,1
1111,neutral,1
1112,neutral,1
1113,neutral,1
1114,neutral,1
1115,neutral,1
1116,neutral,1
1117,neutral,1
1118,neutral,1
1119,neutral,1
1120,neutral,1
1121,positive,2
1122,neutral,1
1123,neutral,1
1124,neutral,1
1125,neutral,1
1126,neutral,1
1127,neutral,1
1128,neutral,1
1129,positive,2
1130,neutral,1
1131,neutral,1
1132,negative,0
1133,neutral,1
1134,neutral,1
1135,positive,2
1136,positive,2
1137,neutral,1
1138,positive,2
1139,positive,2
1140,positive,2
1141,neutral,1
1142,neutral,1
1143,negative,0
1144,neutral,1
1145,positive,2
1146,neutral,1
1147,neutral,1
1148,negative,0
1149,neutral,1
1150,neutral,1
1151,neutral,1
1152,neutral,1
1153,neutral,1
1154,neutral,1
1155,neutral,1
1156,negative,0
1157,neutral,1
1158,neutral,1
1159,negative,0
1160,neutral,1
1161,neutral,1
1162,neutral,1
1163,neutral,1
1164,neutral,1
1165,neutral,1
1166,neutral,1
1167,neutral,1
1168,neutral,1
1169,neutral,1
1170,neutral,1
1171,neutral,1
1172,neutral,1
1173,neutral,1
1174,negative,0
1175,neutral,1
1176,neutral,1
1177,neutral,1
1178,neutral,1
1179,neutral,1
1180,neutral,1
1181,neutral,1
1182,neutral,1
1183,neutral,1
1184,positive,2
1185,neutral,1
1186,neutral,1
1187,neutral,1
1188,positive,2
1189,neutral,1
1190,positive,2
1191,neutral,1
1192,neutral,1
1193,neutral,1
1194,neutral,1
1195,neutral,1
1196,neutral,1
1197,neutral,1
1198,neutral,1
1199,positive,2
1200,positive,2
1201,neutral,1
1202,neutral,1
1203,neutral,1
1204,neutral,1
1205,neutral,1
1206,neutral,1
1207,neutral,1
1208,neutral,1
1209,neutral,1
1210,neutral,1
1211,neutral,1
1212,neutral,1
1213,neutral,1
1214,neutral,1
1215,neutral,1
1216,neutral,1
1217,neutral,1
1218,neutral,1
1219,positive,2
1220,neutral,1
1221,neutral,1
1222,neutral,1
1223,neutral,1
1224,positive,2
1225,neutral,1
1226,neutral,1
1227,neutral,1
1228,neutral,1
1229,neutral,1
1230,neutral,1
1231,neutral,1
1232,neutral,1
1233,neutral,1
1234,neutral,1
1235,neutral,1
1236,neutral,1
1237,neutral,1
1238,neutral,1
1239,neutral,1
1240,neutral,1
1241,positive,2
1242,neutral,1
1243,neutral,1
1244,neutral,1
1245,neutral,1
1246,neutral,1
1247,neutral,1
1248,neutral,1
1249,neutral,1
1250,positive,2
1251,neutral,1
1252,positive,2
1253,neutral,1
1254,neutral,1
1255,neutral,1
1256,neutral,1
1257,neutral,1
1258,neutral,1
1259,neutral,1
1260,neutral,1
1261,neutral,1
1262,neutral,1
1263,neutral,1
1264,neutral,1
1265,neutral,1
1266,neutral,1
1267,neutral,1
1268,neutral,1
1269,neutral,1
1270,neutral,1
1271,neutral,1
1272,negative,0
1273,neutral,1
1274,neutral,1
1275,neutral,1
1276,neutral,1
1277,neutral,1
1278,neutral,1
1279,positive,2
1280,neutral,1
1281,neutral,1
1282,neutral,1
1283,neutral,1
1284,neutral,1
1285,neutral,1
1286,neutral,1
1287,neutral,1
1288,neutral,1
1289,neutral,1
1290,neutral,1
1291,neutral,1
1292,positive,2
1293,neutral,1
1294,neutral,1
1295,neutral,1
1296,neutral,1
1297,neutral,1
1298,neutral,1
1299,neutral,1
1300,neutral,1
1301,neutral,1
1302,neutral,1
1303,negative,0
1304,neutral,1
1305,positive,2
1306,neutral,1
1307,neutral,1
1308,neutral,1
1309,neutral,1
1310,neutral,1
1311,neutral,1
1312,positive,2
1313,neutral,1
1314,neutral,1
1315,neutral,1
1316,neutral,1
1317,neutral,1
1318,neutral,1
1319,positive,2
1320,neutral,1
1321,positive,2
1322,neutral,1
1323,positive,2
1324,neutral,1
1325,neutral,1
1326,neutral,1
1327,neutral,1
1328,neutral,1
1329,neutral,1
1330,neutral,1
1331,neutral,1
1332,positive,2
1333,neutral,1
1334,neutral,1
1335,neutral,1
1336,neutral,1
1337,neutral,1
1338,neutral,1
1339,neutral,1
1340,positive,2
1341,neutral,1
1342,neutral,1
1343,neutral,1
1344,neutral,1
1345,neutral,1
1346,neutral,1
1347,neutral,1
1348,neutral,1
1349,positive,2
1350,neutral,1
1351,neutral,1
1352,neutral,1
1353,neutral,1
1354,neutral,1
1355,neutral,1
1356,neutral,1
1357,neutral,1
1358,neutral,1
1359,neutral,1
1360,neutral,1
1361,neutral,1
1362,neutral,1
1363,neutral,1
1364,neutral,1
1365,neutral,1
1366,neutral,1
1367,neutral,1
1368,neutral,1
1369,neutral,1
1370,neutral,1
1371,neutral,1
1372,neutral,1
1373,neutral,1
1374,neutral,1
1375,neutral,1
1376,neutral,1
1377,neutral,1
1378,neutral,1
1379,neutral,1
1380,neutral,1
1381,neutral,1
1382,neutral,1
1383,neutral,1
1384,neutral,1
1385,neutral,1
1386,neutral,1
1387,neutral,1
1388,neutral,1
1389,neutral,1
1390,negative,0
1391,neutral,1
1392,neutral,1
1393,neutral,1
1394,neutral,1
1395,negative,0
1396,neutral,1
1397,neutral,1
1398,neutral,1
1399,neutral,1
1400,neutral,1
1401,neutral,1
1402,neutral,1
1403,neutral,1
1404,positive,2
1405,neutral,1
1406,negative,0
1407,neutral,1
1408,neutral,1
1409,neutral,1
1410,negative,0
1411,neutral,1
1412,neutral,1
1413,neutral,1
1414,positive,2
1415,neutral,1
1416,neutral,1
1417,neutral,1
1418,neutral,1
1419,neutral,1
1420,neutral,1
1421,positive,2
1422,neutral,1
1423,neutral,1
1424,neutral,1
1425,neutral,1
1426,neutral,1
1427,neutral,1
1428,neutral,1
1429,neutral,1
1430,neutral,1
1431,neutral,1
1432,neutral,1
1433,neutral,1
1434,neutral,1
1435,neutral,1
1436,neutral,1
1437,neutral,1
1438,neutral,1
1439,neutral,1
1440,neutral,1
1441,neutral,1
1442,neutral,1
1443,neutral,1
1444,neutral,1
1445,neutral,1
1446,neutral,1
1447,neutral,1
1448,neutral,1
1449,neutral,1
1450,neutral,1
1451,positive,2
1452,neutral,1
1453,neutral,1
1454,neutral,1
1455,neutral,1
1456,neutral,1
1457,neutral,1
1458,neutral,1
1459,neutral,1
1460,neutral,1
1461,neutral,1
1462,neutral,1
1463,neutral,1
1464,neutral,1
1465,neutral,1
1466,positive,2
1467,positive,2
1468,neutral,1
1469,neutral,1
1470,neutral,1
1471,neutral,1
1472,neutral,1
1473,positive,2
1474,positive,2
1475,neutral,1
1476,negative,0
1477,neutral,1
1478,neutral,1
1479,neutral,1
1480,neutral,1
1481,neutral,1
1482,neutral,1
1483,neutral,1
1484,neutral,1
1485,neutral,1
1486,neutral,1
1487,neutral,1
1488,neutral,1
1489,negative,0
1490,neutral,1
1491,neutral,1
1492,neutral,1
1493,neutral,1
1494,neutral,1
1495,neutral,1
1496,neutral,1
1497,positive,2
1498,neutral,1
1499,positive,2
1500,neutral,1
1501,neutral,1
1502,positive,2
1503,neutral,1
1504,neutral,1
1505,neutral,1
1506,neutral,1
1507,neutral,1
1508,neutral,1
1509,neutral,1
1510,neutral,1
1511,neutral,1
1512,neutral,1
1513,neutral,1
1514,neutral,1
1515,neutral,1
1516,neutral,1
1517,neutral,1
1518,negative,0
1519,neutral,1
1520,neutral,1
1521,neutral,1
1522,neutral,1
1523,neutral,1
1524,neutral,1
1525,neutral,1
1526,neutral,1
1527,neutral,1
1528,neutral,1
1529,neutral,1
1530,neutral,1
1531,neutral,1
1532,neutral,1
1533,neutral,1
1534,neutral,1
1535,neutral,1
1536,neutral,1
1537,neutral,1
1538,neutral,1
1539,neutral,1
1540,neutral,1
1541,neutral,1
1542,neutral,1
1543,neutral,1
1544,neutral,1
1545,neutral,1
1546,neutral,1
1547,neutral,1
1548,negative,0
1549,neutral,1
1550,neutral,1
1551,neutral,1
1552,neutral,1
1553,neutral,1
1554,neutral,1
1555,neutral,1
1556,neutral,1
1557,positive,2
1558,neutral,1
1559,negative,0
1560,neutral,1
1561,positive,2
1562,neutral,1
1563,neutral,1
1564,neutral,1
1565,neutral,1
1566,neutral,1
1567,neutral,1
1568,positive,2
1569,neutral,1
1570,negative,0
1571,neutral,1
1572,neutral,1
1573,neutral,1
1574,positive,2
1575,positive,2
1576,positive,2
1577,positive,2
1578,positive,2
1579,positive,2
1580,positive,2
1581,neutral,1
1582,positive,2
1583,neutral,1
1584,positive,2
1585,positive,2
1586,neutral,1
1587,neutral,1
1588,neutral,1
1589,neutral,1
1590,positive,2
1591,neutral,1
1592,neutral,1
1593,positive,2
1594,positive,2
1595,neutral,1
1596,neutral,1
1597,neutral,1
1598,neutral,1
1599,neutral,1
1600,neutral,1
1601,neutral,1
1602,neutral,1
1603,neutral,1
1604,positive,2
1605,neutral,1
1606,positive,2
1607,neutral,1
1608,neutral,1
1609,neutral,1
1610,neutral,1
1611,neutral,1
1612,neutral,1
1613,positive,2
1614,positive,2
1615,neutral,1
1616,neutral,1
1617,neutral,1
1618,neutral,1
1619,neutral,1
1620,neutral,1
1621,neutral,1
1622,neutral,1
1623,neutral,1
1624,neutral,1
1625,neutral,1
1626,neutral,1
1627,positive,2
1628,positive,2
1629,neutral,1
1630,neutral,1
1631,neutral,1
1632,neutral,1
1633,positive,2
1634,neutral,1
1635,neutral,1
1636,neutral,1
1637,positive,2
1638,positive,2
1639,neutral,1
1640,positive,2
1641,positive,2
1642,neutral,1
1643,neutral,1
1644,neutral,1
1645,neutral,1
1646,neutral,1
1647,positive,2
1648,neutral,1
1649,neutral,1
1650,neutral,1
1651,neutral,1
1652,positive,2
1653,positive,2
1654,neutral,1
1655,neutral,1
1656,negative,0
1657,negative,0
1658,positive,2
1659,positive,2
1660,neutral,1
1661,neutral,1
1662,positive,2
1663,neutral,1
1664,positive,2
1665,neutral,1
1666,neutral,1
1667,neutral,1
1668,neutral,1
1669,neutral,1
1670,neutral,1
1671,neutral,1
1672,positive,2
1673,neutral,1
1674,negative,0
1675,neutral,1
1676,neutral,1
1677,neutral,1
1678,positive,2
1679,neutral,1
1680,positive,2
1681,neutral,1
1682,neutral,1
1683,negative,0
1684,neutral,1
1685,neutral,1
1686,neutral,1
1687,negative,0
1688,neutral,1
1689,neutral,1
1690,positive,2
1691,neutral,1
1692,negative,0
1693,neutral,1
1694,neutral,1
1695,neutral,1
1696,neutral,1
1697,neutral,1
1698,neutral,1
1699,neutral,1
1700,neutral,1
1701,neutral,1
1702,negative,0
1703,positive,2
1704,neutral,1
1705,neutral,1
1706,neutral,1
1707,neutral,1
1708,neutral,1
1709,neutral,1
1710,neutral,1
1711,neutral,1
1712,neutral,1
1713,neutral,1
1714,neutral,1
1715,neutral,1
1716,neutral,1
1717,positive,2
1718,positive,2
1719,neutral,1
1720,neutral,1
1721,neutral,1
1722,neutral,1
1723,positive,2
1724,neutral,1
1725,neutral,1
1726,neutral,1
1727,neutral,1
1728,neutral,1
1729,neutral,1
1730,neutral,1
1731,neutral,1
1732,neutral,1
1733,neutral,1
1734,neutral,1
1735,positive,2
1736,neutral,1
1737,neutral,1
1738,positive,2
1739,negative,0
1740,neutral,1
1741,neutral,1
1742,positive,2
1743,neutral,1
1744,neutral,1
1745,neutral,1
1746,neutral,1
1747,positive,2
1748,neutral,1
1749,neutral,1
1750,neutral,1
1751,neutral,1
1752,neutral,1
1753,neutral,1
1754,neutral,1
1755,neutral,1
1756,neutral,1
1757,neutral,1
1758,negative,0
1759,neutral,1
1760,negative,0
1761,neutral,1
1762,neutral,1
1763,neutral,1
1764,positive,2
1765,neutral,1
1766,neutral,1
1767,neutral,1
1768,neutral,1
1769,neutral,1
1770,neutral,1
1771,neutral,1
1772,positive,2
1773,neutral,1
1774,neutral,1
1775,neutral,1
1776,neutral,1
1777,neutral,1
1778,neutral,1
1779,neutral,1
1780,neutral,1
1781,neutral,1
1782,neutral,1
1783,neutral,1
1784,neutral,1
1785,neutral,1
1786,neutral,1
1787,positive,2
1788,neutral,1
1789,positive,2
1790,neutral,1
1791,neutral,1
1792,neutral,1
1793,neutral,1
1794,neutral,1
1795,positive,2
1796,neutral,1
1797,negative,0
1798,neutral,1
1799,negative,0
1800,neutral,1
1801,neutral,1
1802,positive,2
1803,positive,2
1804,neutral,1
1805,positive,2
1806,neutral,1
1807,neutral,1
1808,neutral,1
1809,neutral,1
1810,neutral,1
1811,positive,2
1812,neutral,1
1813,neutral,1
1814,neutral,1
1815,neutral,1
1816,neutral,1
1817,neutral,1
1818,neutral,1
1819,neutral,1
1820,neutral,1
1821,neutral,1
1822,neutral,1
1823,neutral,1
1824,neutral,1
1825,neutral,1
1826,neutral,1
1827,neutral,1
1828,neutral,1
1829,neutral,1
1830,neutral,1
1831,neutral,1
1832,neutral,1
1833,neutral,1
1834,neutral,1
1835,neutral,1
1836,neutral,1
1837,neutral,1
1838,neutral,1
1839,neutral,1
1840,neutral,1
1841,neutral,1
1842,neutral,1
1843,neutral,1
1844,neutral,1
1845,neutral,1
1846,neutral,1
1847,positive,2
1848,neutral,1
1849,neutral,1
1850,neutral,1
1851,negative,0
1852,neutral,1
1853,neutral,1
1854,neutral,1
1855,neutral,1
1856,positive,2
1857,neutral,1
1858,positive,2
1859,neutral,1
1860,neutral,1
1861,neutral,1
1862,negative,0
1863,negative,0
1864,negative,0
1865,negative,0
1866,negative,0
1867,negative,0
1868,negative,0
1869,negative,0
1870,negative,0
1871,negative,0
1872,negative,0
1873,negative,0
1874,negative,0
1875,negative,0
1876,negative,0
1877,negative,0
1878,negative,0
1879,negative,0
1880,negative,0
1881,negative,0
1882,negative,0
1883,negative,0
1884,negative,0
1885,negative,0
1886,negative,0
1887,negative,0
1888,negative,0
1889,negative,0
1890,negative,0
1891,negative,0
1892,negative,0
1893,negative,0
1894,negative,0
1895,negative,0
1896,negative,0
1897,positive,2
1898,negative,0
1899,negative,0
1900,negative,0
1901,negative,0
1902,negative,0
1903,negative,0
1904,negative,0
1905,negative,0
1906,negative,0
1907,negative,0
1908,negative,0
1909,negative,0
1910,negative,0
1911,positive,2
1912,positive,2
1913,positive,2
1914,positive,2
1915,positive,2
1916,positive,2
1917,negative,0
1918,positive,2
1919,negative,0
1920,positive,2
1921,positive,2
1922,positive,2
1923,positive,2
1924,positive,2
1925,negative,0
1926,negative,0
1927,positive,2
1928,neutral,1
1929,neutral,1
1930,neutral,1
1931,positive,2
1932,neutral,1
1933,neutral,1
1934,neutral,1
1935,neutral,1
1936,neutral,1
1937,neutral,1
1938,neutral,1
1939,neutral,1
1940,positive,2
1941,neutral,1
1942,neutral,1
1943,neutral,1
1944,neutral,1
1945,positive,2
1946,neutral,1
1947,neutral,1
1948,neutral,1
1949,neutral,1
1950,neutral,1
1951,neutral,1
1952,neutral,1
1953,neutral,1
1954,neutral,1
1955,neutral,1
1956,positive,2
1957,neutral,1
1958,neutral,1
1959,neutral,1
1960,neutral,1
1961,neutral,1
1962,neutral,1
1963,neutral,1
1964,neutral,1
1965,neutral,1
1966,neutral,1
1967,neutral,1
1968,neutral,1
1969,positive,2
1970,neutral,1
1971,neutral,1
1972,neutral,1
1973,neutral,1
1974,neutral,1
1975,neutral,1
1976,neutral,1
1977,neutral,1
1978,neutral,1
1979,positive,2
1980,neutral,1
1981,neutral,1
1982,neutral,1
1983,neutral,1
1984,neutral,1
1985,neutral,1
1986,neutral,1
1987,positive,2
1988,neutral,1
1989,neutral,1
1990,neutral,1
1991,neutral,1
1992,neutral,1
1993,negative,0
1994,neutral,1
1995,positive,2
1996,neutral,1
1997,neutral,1
1998,neutral,1
1999,neutral,1
2000,positive,2
2001,neutral,1
2002,neutral,1
2003,neutral,1
2004,neutral,1
2005,neutral,1
2006,positive,2
2007,neutral,1
2008,neutral,1
2009,neutral,1
2010,positive,2
2011,negative,0
2012,negative,0
2013,positive,2
2014,negative,0
2015,negative,0
2016,negative,0
2017,negative,0
2018,negative,0
2019,negative,0
2020,negative,0
2021,negative,0
2022,negative,0
2023,neutral,1
2024,negative,0
2025,negative,0
2026,negative,0
2027,negative,0
2028,negative,0
2029,negative,0
2030,negative,0
2031,negative,0
2032,negative,0
2033,negative,0
2034,negative,0
2035,negative,0
2036,negative,0
2037,negative,0
2038,negative,0
2039,negative,0
2040,negative,0
2041,negative,0
2042,negative,0
2043,negative,0
2044,negative,0
2045,negative,0
2046,negative,0
2047,negative,0
2048,negative,0
2049,negative,0
2050,negative,0
2051,negative,0
2052,negative,0
2053,negative,0
2054,negative,0
2055,positive,2
2056,neutral,1
2057,positive,2
2058,positive,2
2059,positive,2
2060,positive,2
2061,positive,2
2062,positive,2
2063,positive,2
2064,positive,2
2065,neutral,1
2066,neutral,1
2067,neutral,1
2068,negative,0
2069,neutral,1
2070,negative,0
2071,negative,0
2072,negative,0
2073,negative,0
2074,negative,0
2075,neutral,1
2076,positive,2
2077,neutral,1
2078,neutral,1
2079,positive,2
2080,negative,0
2081,negative,0
2082,negative,0
2083,negative,0
2084,negative,0
2085,negative,0
2086,negative,0
2087,negative,0
2088,negative,0
2089,neutral,1
2090,negative,0
2091,neutral,1
2092,negative,0
2093,negative,0
2094,negative,0
2095,negative,0
2096,negative,0
2097,neutral,1
2098,neutral,1
2099,neutral,1
2100,positive,2
2101,negative,0
2102,negative,0
2103,negative,0
2104,negative,0
2105,negative,0
2106,negative,0
2107,negative,0
2108,negative,0
2109,negative,0
2110,negative,0
2111,negative,0
2112,negative,0
2113,negative,0
2114,negative,0
2115,negative,0
2116,negative,0
2117,negative,0
2118,negative,0
2119,negative,0
2120,negative,0
2121,negative,0
2122,negative,0
2123,negative,0
2124,negative,0
2125,negative,0
2126,negative,0
2127,negative,0
2128,negative,0
2129,negative,0
2130,negative,0
2131,negative,0
2132,negative,0
2133,negative,0
2134,negative,0
2135,negative,0
2136,negative,0
2137,negative,0
2138,negative,0
2139,negative,0
2140,negative,0
2141,negative,0
2142,negative,0
2143,negative,0
2144,negative,0
2145,negative,0
2146,negative,0
2147,negative,0
2148,negative,0
2149,negative,0
2150,negative,0
2151,negative,0
2152,negative,0
2153,negative,0
2154,negative,0
2155,negative,0
2156,negative,0
2157,negative,0
2158,negative,0
2159,negative,0
2160,negative,0
2161,negative,0
2162,negative,0
2163,negative,0
2164,negative,0
2165,negative,0
2166,negative,0
2167,negative,0
2168,negative,0
2169,negative,0
2170,negative,0
2171,negative,0
2172,negative,0
2173,negative,0
2174,negative,0
2175,negative,0
2176,negative,0
2177,negative,0
2178,negative,0
2179,negative,0
2180,negative,0
2181,negative,0
2182,negative,0
2183,negative,0
2184,negative,0
2185,negative,0
2186,negative,0
2187,negative,0
2188,negative,0
2189,negative,0
2190,negative,0
2191,negative,0
2192,negative,0
2193,negative,0
2194,negative,0
2195,negative,0
2196,negative,0
2197,negative,0
2198,negative,0
2199,negative,0
2200,negative,0
2201,negative,0
2202,negative,0
2203,negative,0
2204,negative,0
2205,negative,0
2206,negative,0
2207,negative,0
2208,negative,0
2209,negative,0
2210,negative,0
2211,negative,0
2212,negative,0
2213,negative,0
2214,negative,0
2215,negative,0
2216,negative,0
2217,negative,0
2218,negative,0
2219,negative,0
2220,negative,0
2221,negative,0
2222,negative,0
2223,negative,0
2224,negative,0
2225,positive,2
2226,negative,0
2227,negative,0
2228,negative,0
2229,positive,2
2230,negative,0
2231,negative,0
2232,negative,0
2233,negative,0
2234,negative,0
2235,negative,0
2236,neutral,1
2237,negative,0
2238,negative,0
2239,negative,0
2240,negative,0
2241,positive,2
2242,negative,0
2243,negative,0
2244,negative,0
2245,negative,0
2246,negative,0
2247,neutral,1
2248,negative,0
2249,neutral,1
2250,negative,0
2251,negative,0
2252,negative,0
2253,negative,0
2254,negative,0
2255,negative,0
2256,negative,0
2257,negative,0
2258,negative,0
2259,negative,0
2260,negative,0
2261,negative,0
2262,negative,0
2263,negative,0
